,Station,General,North_Lati,West_Longi,Distance from station 36,utm_x,utm_y
0,657,Rio Vista,38.148333,-121.688333,145.79,614930.9127,4223085.778
1,655,N. of Three Mile Slough,38.121667,-121.701667,142.62,613803.9237,4220110.439
2,653,Mid-Decker Island,38.105,-121.72,140.17,612222.4055,4218238.728
3,649,Sacramento River,38.061667,-121.8,131.67,605270.3733,4213336.827
4,2,Chain Island,38.063333,-121.855,126.58,600443.044,4213460.801
5,3,Pittsburg,38.05,-121.878333,124.06,598413.9906,4211956.428
6,4,Simmons Point,38.048333,-121.935,119.08,593444.0588,4211712.977
7,5,Middle Ground,38.06,-121.98,114.93,589481.4077,4212963.233
8,6,Roe Island,38.065,-122.035,110.07,584650.5548,4213466.486
9,7,Avon Pier,38.048333,-122.096667,104.35,579258.9398,4211562.79
10,411,Garnet Sill,38.096667,-122.058333,off linear transect,582568.0999,4216959.169
11,8,Martinez,38.03,-122.151667,99.11,574451.6809,4209483.168
12,9,Benicia,38.05,-122.173333,96.19,572530.4588,4211685.157
13,10,Crockett,38.06,-122.208333,92.93,569450.1146,4212767.981
14,11,Mare Island,38.061667,-122.263333,88.1,564623.6283,4212913.269
15,12,Pinole Shoal,38.051667,-122.311667,83.71,560391.7261,4211771.209
16,13,N. of Pinole Point,38.028333,-122.37,77.98,555291.3004,4209145.904
17,14,Echo Buoy,38.006667,-122.405,74.08,552234.9098,4206721.747
18,15,Point San Pablo,37.975,-122.436667,69.6,549476.1134,4203190.887
19,16,Charlie Buoy,37.915,-122.446667,62.88,548637.3661,4196528.482
20,17,Raccoon Strait,37.881667,-122.426667,58.79,550418.0917,4192840.756
21,18,Point Blunt,37.846667,-122.421667,54.88,550881.848,4188960.188
22,19,Golden Gate,37.818333,-122.471667,off linear transect,546500.5864,4185790.461
23,20,Blossom Rock,37.82,-122.393333,51.01,553393.9177,4186017.288
24,21,Bay Bridge,37.788333,-122.358333,46.63,556498.4856,4182524.408
25,22,Potrero Point,37.765,-122.358333,43.92,556516.2467,4179935.621
26,23,Hunter's Point,37.728333,-122.336667,39.66,558453.3827,4175880.758
27,24,Candlestick Point,37.698333,-122.338333,37.09,558330.0858,4172551.263
28,25,Oyster Point,37.67,-122.325,32.84,559528.1268,4169416.155
29,26,San Bruno Shoal,37.635,-122.313333,28.76,560585.4801,4165540.463
30,27,San Francisco Airport,37.618333,-122.291667,26.19,562511.0802,4163705.517
31,28,N. of San Mateo Bridge,37.601667,-122.27,23.57,564437.6185,4161871.125
32,29,S. of San Mateo Bridge,37.58,-122.245,20.25,566663.7431,4159484.69
33,30,Redwood Creek,37.555,-122.19,14.75,571544.032,4156751.472
34,31,Coyote Hills,37.528333,-122.158333,10.61,574367.5863,4153817.436
35,32,Ravenswood Point,37.518333,-122.133333,8.15,576586.7893,4152728.034
36,33,Dumbarton Bridge,37.508333,-122.121667,6.81,577628.0846,4151628.132
37,34,Newark Slough,37.495,-122.093333,3.53,580146.5817,4150172.639
38,35,Mowry Slough,37.48,-122.08,1.66,581341.4684,4148519.884
39,36,Calaveras Point,37.471667,-122.065,,582676.8987,4147608.435
40,DMB,Dumbarton Bridge,37.504167,-122.119444,,577828.8852,4151167.767
41,SMB,San Mateo Bridge,37.58444444,-122.2488889,,566316.4196,4159975.033
42,S1,SB_Trans,37.599819,-122.344409,off linear transect,557870.86,4161617.6
43,S2,SB_Trans,37.626381,-122.302621,off linear transect,561537.74,4164591.22
44,S3,SB_Trans,37.657575,-122.234481,off linear transect,567522.33,4168099.0
45,S4,SB_Trans,37.674115,-122.194265,off linear transect,571053.88,4169963.76
46,S5,SB_Trans,37.503263,-122.149691,off linear transect,575156.36,4151042.88
47,S6,SB_Trans,37.518396,-122.136516,off linear transect,576305.42,4152732.41
48,S7,SB_Trans,37.527478,-122.127087,off linear transect,577129.34,4153747.73
49,S8,SB_Trans,37.537315,-122.118206,off linear transect,577903.85,4154846.4
50,S9,SB_Trans,37.461735,-122.097184,off linear transect,579841.55,4146478.76
51,S10,SB_Trans,37.475759,-122.087009,off linear transect,580726.34,4148043.34
52,S11,SB_Trans,37.48355,-122.081078,off linear transect,581242.32,4148912.81
53,S12,SB_Trans,37.492317,-122.069064,off linear transect,582294.9,4149895.95
54,SHL,SFEI Shoal Mooring,37.63079,-122.2432,off linear transect,566777.25,4165120.97
55,SLM,San Leandro Marina,37.6742,-122.2178,off linear transect,568978.32,4169955.61
56,HYW,Hayward,37.61174,-122.2012,off linear transect,570501.23,4163038.138
57,D28A,DWR,37.9705,-121.573,DWR,625340.1391,4203502.377
58,D12,DWR,38.0216,-121.8063,DWR,604774.7705,4208883.925
59,D41,DWR,38.0302,-122.3729,DWR,555035.3856,4209351.336
60,D19,DWR,38.0438,-121.6148,DWR,621547.3661,4211580.304
61,D6,DWR,38.0444,-122.1178,DWR,577408.824,4211108.59
62,D10,DWR,38.0463,-121.9183,DWR,594911.9988,4211504.32
63,D8,DWR,38.0599,-121.99,DWR,588604.2374,4212942.556
64,D4,DWR,38.0625,-121.8205,DWR,603470.7691,4213406.229
65,D26,DWR,38.0766,-121.5669,DWR,625694.5316,4215283.566
66,D22,DWR,38.0845,-121.7391,DWR,610578.6606,4215941.122
67,D41A,DWR,38.0847,-122.3907,DWR,553433.5692,4215387.981
68,D16 - Twitchell,DWR,38.0969,-121.6691,DWR,616698.074,4217402.702
69,D7,DWR,38.1171,-122.0397,DWR,584178.4794,4219243.104
70,Eden,SFEI Shoal Mooring,37.58125,-122.18003,off linear transect,572399.24,4159671.46
71,CHC13CRC,,,,,544509.1485157248,4207133.138594213
72,CHC13CRD,,,,,544951.3105199802,4206914.534417098
73,CHC13MFW,,,,,544902.1212919513,4207733.679439432
74,CHC13MFE,,,,,545413.7315800155,4207288.242908043
75,CHC13CHM,,,,,554753.3450996773,4212012.465991514
76,CHC13CHT,,,,,554691.1339104653,4209906.037079778
77,CHC13M2M,,,,,548565.4663589052,4210501.960483144
78,CHC13S1T,,,,,546991.3301844205,4207428.097215201
79,CHC13N1T,,,,,548495.8421875814,4214387.308153076
80,CHC13M1T,,,,,547138.2086753946,4211027.296214804
81,CHC13M2T,,,,,548542.915011048,4210605.017255756
82,CHC13TCD,,,,,545230.7682802314,4207037.574798583
83,CHC13TCC,,,,,544763.8726560469,4207492.144218291
84,CHC14DX1,,,,,545344.2776101554,4206990.492762317
85,CHC14CRD,,,,,545114.4229747277,4206962.590319592
86,CHC14DX5,,,,,545285.7371999496,4206940.237436176
87,CHC14PD5,,,,,545287.4991009069,4206939.137637381
88,CHC14PD4,,,,,545305.8175353566,4206960.321010565
89,CHC14DX2,,,,,545338.1756377551,4206982.69191456
90,CHC14DX3,,,,,545323.3072586469,4206972.623286641
91,CHC14PD1,,,,,545344.2776101554,4206990.492762317
92,CHC14PD3,,,,,545323.3072586469,4206972.623286641
93,CHC14MFD,,,,,545379.1334696265,4207037.288193825
94,CHC14SPD,,,,,545361.7548870194,4207005.014189646
95,CHC14CHT,,,,,554706.6563057445,4209918.5381796
96,CHC14M1T,,,,,547149.7478435735,4211021.823140252
97,CHC14M2T,,,,,548511.1313391828,4211065.415224665
98,CHC14N1T,,,,,548473.7436500605,4214416.025920051
99,CHC14S1T,,,,,546984.3458942688,4207421.399599122
100,CHC14TDH,,,,,545114.4229747277,4206962.590319592
101,CHC14TDL,,,,,545222.0387853554,4207028.649920267
102,CHC16DX1,,,,,545342.497233941,4206994.921149671
103,CHC16DX3,,,,,545327.6596696838,4206979.304845659
104,CHC16DX4,,,,,545303.1839181562,4206960.306402732
105,CHC16DXA,,,,,545332.8961013278,4206984.881745872
106,CHC16MFD,,,,,545383.559781306,4207030.655379847
107,CHC16SPD,,,,,545683.2896981974,4207278.650583798
108,CHC16DX2,,,,,545339.8759459881,4206992.687462744
109,CHC16CRD,,,,,544951.7207592237,4206919.751639112
110,CHC16CHT,,,,,554830.6007491704,4209903.755189428
111,CHC16MFT,,,,,545683.2896981974,4207278.650583798
112,CHC16M2M,,,,,548492.8200502874,4211105.029354816
113,CHC16M2T,,,,,548517.3287849813,4211070.889032539
114,CHC16MLT,,,,,548488.9590567412,4211083.852733472
115,CHC16N1T,,,,,548493.955965217,4214409.4886665335
116,CHC16S1T,,,,,547011.7636790827,4207431.654489309
117,CHC16LSS,,,,,545229.7209876258,4207036.459431333
118,CHC16TDL,,,,,545219.4113332377,4207027.525805663
119,SPA14N2M,,,,,549819.6297557111,4212096.339383456
120,SPA14N2T,,,,,549819.3672361734,4212096.226820984
121,SPA14S1T,,,,,547018.454301332,4207428.364291365
122,SPA14N1T,,,,,548501.3834906183,4214399.435633041
123,SPB14N1T,,,,,548475.1133032771,4214421.692961779
124,SPB14N2M,,,,,550015.9701709916,4211526.1046159845
125,SPB14N2T,,,,,549981.712644666,4211518.016546973
126,SPB14S1T,,,,,546990.3518098202,4207430.31072934
127,SPC14N1T,,,,,548524.8390695585,4214393.250637138
128,SPC14N2M,,,,,549887.4452292663,4212183.079788821
129,SPC14N2T,,,,,549887.4452292663,4212183.079788821
130,SPC14S1T,,,,,546984.3267441398,4207424.728204441
131,SPD15N1T,,,,,548477.2783494921,4214411.608600954
132,SPD15N2T,,,,,549978.4935090991,4211513.558478813
133,SPD15S1T,,,,,546987.0601281534,4207422.635744114
134,ERO19PCT,,,,,554534.6655541053,4209799.689537243
135,ERO19PBM,,,,,553399.4438641989,4215269.030557938
136,ERO19PHT,,,,,553397.8054187252,4215224.635842202
137,ERO19PST,,,,,553230.7217699519,4214769.716507377
138,ERO19GBM,,,,,584089.6871158946,4219199.018321801
139,ERO19GHT,,,,,584082.8670139385,4219163.326505026
140,ERO19GST,,,,,583631.1162547681,4218914.426085889
141,I_Spring_P1,,,,,571905.9113664203,4160351.766621277
142,I_Spring_P2,,,,,573131.5034071857,4160346.9507610234
143,I_Spring_P3,,,,,567858.7161963651,4160104.62799196
144,I_Spring_P4b,,,,,571946.9494208894,4157451.751273807
145,I_Winter_P1,,,,,571924.4328588769,4160354.146356729
146,I_Winter_P2,,,,,573131.5034071857,4160346.9507610234
147,I_Winter_P3,,,,,567858.7161963651,4160104.62799196
148,I_Winter_P4b,,,,,571953.1125928452,4157454.0237993444
149,I_Summer_P1,,,,,571927.9548037348,4160355.2864603065
150,I_Summer_P2,,,,,573131.5034071857,4160346.9507610234
151,I_Summer_P3,,,,,567858.7161963651,4160104.62799196
152,I_Summer_P4a,,,,,569587.1231446558,4160264.3016799456
153,I_Edens_Landing,,,,,565150.025,4165573.093
154,I_Hunters_Point,,,,,554445.096,4172810.37
155,I_Richmond,,,,,550271.981,4199565.911
156,I_Petaluma,,,,,550062.468,4208031.705
157,Alcatraz_Island,,,,,550895.207,4186802.757
158,Alviso_Slough,,,,,588609.404,4144155.718
159,Benicia_Bridge,,,,,576727.633,4211168.734
160,Carquinez_Bridge,,,,,568035.447,4212910.181
161,Channel_Marker_01,,,,,549795.096,4210898.171
162,Channel_Marker_09,,,,,548985.668,4215793.98
163,Channel_Marker_17,,,,,581588.298,4148399.026
164,Corte_Madera_Creek,,,,,542639.002,4199638.76
165,Dumbarton_Bridge,,,,,577828.885,4151167.767
166,Golden_Gate_Bridge,,,,,546500.586,4185790.461
167,Mallard_Island,,,,,594840.467,4211112.642
168,Mare_Island,,,,,563679.08,4218392.274
169,Point_San_Pablo,,,,,550215.074,4202054.975
170,Richmond_Bridge,,,,,548648.44,4198778.511
171,San_Mateo_Bridge,,,,,566242.864,4159974.396
